index,site_type,x_angstrom,y_angstrom
0,ontop,0.0000,0.0000
1,ontop,2.8072,0.0000
2,ontop,5.6144,0.0000
3,ontop,8.4216,0.0000
4,ontop,1.4036,2.4311
5,ontop,4.2108,2.4311
6,ontop,7.0180,2.4311
7,ontop,9.8252,2.4311
8,ontop,2.8072,4.8622
9,ontop,5.6144,4.8622
10,ontop,8.4216,4.8622
11,ontop,11.2289,4.8622
12,ontop,4.2108,7.2934
13,ontop,7.0180,7.2934
14,ontop,9.8252,7.2934
15,ontop,12.6325,7.2934
16,bridge,1.4036,0.0000
17,bridge,4.2108,0.0000
18,bridge,7.0180,0.0000
19,bridge,9.8252,0.0000
20,bridge,0.7018,1.2156
21,bridge,2.1054,1.2156
22,bridge,3.5090,1.2156
23,bridge,4.9126,1.2156
24,bridge,6.3162,1.2156
25,bridge,7.7198,1.2156
26,bridge,9.1234,1.2156
27,bridge,10.5271,1.2156
28,bridge,2.8072,2.4311
29,bridge,5.6144,2.4311
30,bridge,8.4216,2.4311
31,bridge,11.2289,2.4311
32,bridge,2.1054,3.6467
33,bridge,3.5090,3.6467
34,bridge,4.9126,3.6467
35,bridge,6.3162,3.6467
36,bridge,7.7198,3.6467
37,bridge,9.1234,3.6467
38,bridge,10.5271,3.6467
39,bridge,11.9307,3.6467
40,bridge,4.2108,4.8622
41,bridge,7.0180,4.8622
42,bridge,9.8252,4.8622
43,bridge,12.6325,4.8622
44,bridge,3.5090,6.0778
45,bridge,4.9126,6.0778
46,bridge,6.3162,6.0778
47,bridge,7.7198,6.0778
48,bridge,9.1234,6.0778
49,bridge,10.5271,6.0778
50,bridge,11.9307,6.0778
51,bridge,13.3343,6.0778
52,bridge,5.6144,7.2934
53,bridge,8.4216,7.2934
54,bridge,11.2289,7.2934
55,bridge,14.0361,7.2934
56,bridge,4.9126,8.5089
57,bridge,6.3162,8.5089
58,bridge,7.7198,8.5089
59,bridge,9.1234,8.5089
60,bridge,10.5271,8.5089
61,bridge,11.9307,8.5089
62,bridge,13.3343,8.5089
63,bridge,14.7379,8.5089
64,fcc,1.4036,0.8104
65,fcc,4.2108,0.8104
66,fcc,7.0180,0.8104
67,fcc,9.8252,0.8104
68,fcc,2.8072,3.2415
69,fcc,5.6144,3.2415
70,fcc,8.4216,3.2415
71,fcc,11.2289,3.2415
72,fcc,4.2108,5.6726
73,fcc,7.0180,5.6726
74,fcc,9.8252,5.6726
75,fcc,12.6325,5.6726
76,fcc,5.6144,8.1037
77,fcc,8.4216,8.1037
78,fcc,11.2289,8.1037
79,fcc,14.0361,8.1037
80,hcp,2.8072,1.6207
81,hcp,5.6144,1.6207
82,hcp,8.4216,1.6207
83,hcp,11.2289,1.6207
84,hcp,4.2108,4.0519
85,hcp,7.0180,4.0519
86,hcp,9.8252,4.0519
87,hcp,12.6325,4.0519
88,hcp,5.6144,6.4830
89,hcp,8.4216,6.4830
90,hcp,11.2289,6.4830
91,hcp,14.0361,6.4830
92,hcp,7.0180,8.9141
93,hcp,9.8252,8.9141
94,hcp,12.6325,8.9141
95,hcp,15.4397,8.9141
